序号,提交答卷时间,所用时间,来源,IP,Total,EI 1,EI 2,EI 3,EI 4,EI 5,EI 6,EI 7,EI 8,EI 9,EI 10,EI 11,EI 12,EI 13,EI 14,EI 15,EI 16,LE 1,LE 2,LE 3,LE 4,LE 5,LE 6,LE 7,LE 8,LE 9,JS 1,JS 2,JS 3,JS 4,JS 5,JS 6,JS 7,JS 8,JS 9,JS 10,JS 11,JS 12,JS 13,JS 14,JS 15,JS 16,JS 17,JS 18,Your Gender,Designation,Your current industry
1,2024/3/10 18:10:56,125秒,微信,60.12.35.3(浙江-温州),136,4,4,4,4,3,2,2,3,4,4,4,5,3,3,2,4,3,2,3,3,3,4,3,3,3,2,4,3,2,2,3,4,5,4,2,2,3,3,2,4,3,4,2,1,7,6
2,2024/3/12 16:49:09,790秒,微信,60.12.35.5(浙江-温州),138,3,4,4,3,3,3,3,4,3,3,4,3,3,4,3,3,3,4,4,4,4,4,4,4,4,1,2,2,3,1,4,3,5,2,4,3,3,3,4,2,4,2,2,2,1,6
3,2024/3/12 19:19:28,301秒,微信,60.12.35.5(浙江-温州),137,3,3,4,4,2,4,4,3,5,4,4,5,4,3,3,2,2,3,3,3,4,5,5,4,4,3,3,2,2,2,3,3,4,3,3,2,2,2,4,2,3,2,2,2,1,6
4,2024/3/12 21:13:28,132秒,微信,112.17.235.0(浙江-温州),129,3,3,3,3,3,3,3,3,3,3,3,3,3,3,3,3,3,3,3,3,3,3,3,3,3,3,3,3,3,3,3,3,3,3,3,3,3,3,3,3,3,3,3,2,7,6
5,2024/3/19 18:23:42,145秒,微信,36.60.58.104(安徽-合肥),172,2,2,2,2,5,5,5,5,5,5,5,5,5,5,5,5,2,5,4,5,5,2,2,5,2,1,5,5,1,5,5,5,5,4,5,1,4,5,5,5,5,5,1,2,1,6
6,2024/3/19 18:28:37,286秒,微信,39.144.124.118(北京-北京),124,3,4,3,4,3,2,1,2,4,4,4,4,3,3,4,3,3,4,4,4,4,3,3,3,3,2,1,3,3,1,1,1,4,2,5,3,1,1,3,3,4,1,3,2,1,6
7,2024/3/21 17:10:59,166秒,微信,60.12.35.3(浙江-温州),146,4,4,4,4,4,4,4,4,4,4,3,3,4,4,4,4,4,4,4,4,4,4,4,4,4,3,3,2,1,3,3,3,1,4,3,1,4,4,3,3,2,2,3,2,1,4
8,2024/3/21 17:19:54,184秒,微信,60.12.35.4(浙江-温州),133,3,2,2,2,4,4,3,3,4,3,3,3,4,4,4,4,3,4,4,4,4,4,4,3,3,1,3,3,2,1,4,3,4,3,3,3,3,3,3,2,3,2,2,2,1,6
9,2024/3/21 17:26:14,153秒,微信,122.232.57.234(浙江-金华),158,4,4,4,4,2,5,4,4,4,4,4,5,3,4,4,4,2,4,4,4,4,5,5,4,4,5,5,4,2,2,3,4,5,5,4,1,4,4,2,3,2,3,1,2,1,6
10,2024/3/21 17:36:06,487秒,微信,39.183.144.167(浙江-金华),149,3,4,3,4,3,4,5,3,3,2,4,4,4,2,3,3,5,3,5,3,3,4,3,3,2,5,5,1,3,4,2,4,5,4,3,3,4,3,4,3,4,4,3,1,7,6
11,2024/3/21 17:36:35,183秒,微信,60.182.8.68(浙江-金华),157,4,4,4,3,4,4,4,4,4,4,4,4,4,4,4,4,3,4,4,4,4,4,4,4,4,4,4,4,2,2,3,4,4,4,4,2,3,3,4,3,3,4,2,2,2,6
12,2024/3/21 17:55:41,296秒,微信,117.136.113.91(浙江-金华),154,4,3,4,4,4,4,4,3,5,5,4,4,4,3,4,4,3,4,3,3,4,4,4,3,4,4,3,3,3,3,3,4,4,4,4,2,3,4,3,3,3,3,3,2,7,6
13,2024/3/21 17:58:48,104秒,微信,223.104.71.31(广东-汕头),168,4,4,4,1,4,4,4,4,4,4,4,4,4,4,4,4,4,4,4,4,4,4,4,4,4,4,4,4,4,4,4,4,4,4,4,4,4,4,4,4,3,4,4,2,2,6
14,2024/3/21 18:44:17,50秒,微信,219.232.77.38(广西-南宁),129,3,3,3,3,3,3,3,3,3,3,3,3,3,3,3,3,3,3,3,3,3,3,3,3,3,3,3,3,3,3,3,3,3,3,3,3,3,3,3,3,3,3,3,1,7,6
15,2024/3/21 18:47:00,447秒,微信,223.104.67.109(广东-广州),144,4,4,4,4,2,5,5,3,5,4,5,4,3,3,2,3,2,4,4,5,4,4,4,2,4,3,3,2,2,2,3,3,3,4,2,2,4,4,2,4,2,4,2,2,1,1
16,2024/3/21 18:47:43,70秒,微信,219.232.77.38(广西-南宁),129,3,3,3,3,3,3,3,3,3,3,3,3,3,3,3,3,3,3,3,3,3,3,3,3,3,3,3,3,3,3,3,3,3,3,3,3,3,3,3,3,3,3,3,1,2,6
17,2024/3/21 18:53:04,136秒,微信,223.104.162.4(浙江-温州),144,4,4,4,4,3,4,3,4,4,4,4,3,4,4,4,4,3,4,4,4,4,4,4,4,4,3,4,3,2,2,2,3,3,3,2,1,4,3,3,3,2,3,2,2,1,6
18,2024/3/21 18:54:09,242秒,微信,117.136.79.249(广东-佛山),135,4,2,5,5,2,1,1,1,4,3,2,5,4,4,4,2,1,4,5,5,5,5,5,5,5,1,4,1,1,1,4,4,4,3,4,1,4,4,1,4,2,2,1,2,1,6
19,2024/3/21 18:57:00,92秒,微信,49.5.185.148(吉林-长春),161,4,3,4,4,4,4,4,4,4,4,4,4,4,4,4,4,4,4,4,4,4,4,4,4,4,4,4,4,4,4,4,3,4,4,4,3,3,2,3,3,3,3,3,2,1,6
20,2024/3/21 19:02:59,395秒,微信,218.78.187.147(上海-上海),138,3,3,3,4,3,4,3,3,4,3,4,3,2,3,3,3,4,5,3,3,4,3,3,4,4,2,3,3,3,2,3,3,3,4,3,2,4,4,4,3,2,4,2,2,1,6
21,2024/3/21 19:05:31,245秒,微信,60.12.35.5(浙江-温州),132,2,4,4,2,5,3,3,4,4,2,4,4,4,4,4,3,2,4,2,2,2,4,4,2,4,2,2,2,4,1,5,2,5,2,3,3,2,3,3,3,3,2,3,1,1,1
22,2024/3/21 19:17:13,86秒,微信,39.149.176.171(河南-平顶山),154,4,4,4,4,4,4,4,4,4,4,4,5,4,3,4,3,4,4,5,4,4,4,5,4,4,5,4,4,1,3,1,4,2,4,2,1,4,4,3,4,2,4,1,2,1,6
23,2024/3/21 19:20:30,53秒,微信,36.21.133.35(浙江-杭州),214,5,5,5,5,5,5,5,5,5,5,5,5,5,5,5,5,5,5,5,5,5,5,5,5,5,5,5,5,5,5,5,5,5,5,5,5,5,5,4,5,5,5,5,1,1,6
24,2024/3/21 19:43:09,134秒,微信,223.104.163.78(浙江-金华),70,3,1,1,1,1,1,1,1,1,1,1,1,1,1,1,1,1,1,1,1,1,1,1,1,1,1,1,1,4,1,4,1,3,3,4,4,1,1,3,2,4,1,4,2,2,1
25,2024/3/21 19:45:46,108秒,微信,103.57.12.56(吉林-长春),155,3,4,2,2,2,2,2,2,2,5,4,5,4,4,4,4,4,4,3,3,4,4,4,4,4,4,4,4,4,4,4,4,4,4,4,2,4,4,4,4,4,4,4,1,7,6
26,2024/3/21 19:46:05,87秒,微信,36.21.240.101(浙江-杭州),168,5,5,5,4,4,4,4,5,4,5,5,4,4,4,4,5,4,4,5,4,4,4,4,4,4,4,4,3,2,4,2,4,2,4,2,2,4,5,5,5,2,4,2,2,5,6
27,2024/3/21 19:50:51,102秒,微信,58.100.80.206(浙江-杭州),163,2,5,5,5,4,4,3,4,5,5,5,5,5,4,4,4,4,4,5,5,5,5,5,3,3,2,4,3,3,3,3,3,3,4,3,2,3,4,3,3,3,3,3,2,1,6
28,2024/3/21 20:06:18,162秒,微信,60.12.35.5(浙江-温州),145,2,3,2,4,3,4,4,4,4,5,4,4,4,4,4,4,3,2,3,3,4,4,4,2,4,3,3,2,2,2,3,4,4,4,4,3,4,4,4,3,3,2,3,2,1,6
29,2024/3/21 20:06:55,134秒,微信,60.12.35.2(浙江-温州),145,3,3,4,4,4,3,4,3,4,4,4,3,2,3,3,3,2,4,3,4,4,4,2,4,4,4,4,3,3,2,3,3,4,3,4,3,3,4,4,2,4,3,4,2,1,6
30,2024/3/21 20:09:22,122秒,微信,60.12.35.6(浙江-温州),144,4,3,3,3,3,2,3,3,4,4,4,4,4,4,3,2,3,3,3,3,3,4,4,4,3,3,4,4,2,3,3,4,4,4,4,4,4,3,3,2,3,3,4,1,1,4
31,2024/3/21 20:11:11,99秒,微信,60.12.35.4(浙江-温州),131,3,3,4,4,3,3,3,3,3,3,3,3,3,3,3,3,3,3,3,3,3,3,3,3,3,3,3,3,3,3,3,3,3,3,3,3,3,3,3,3,3,3,3,2,1,1
32,2024/3/21 20:13:17,43秒,微信,112.17.237.86(浙江-温州),129,3,3,3,3,3,3,3,3,3,3,3,3,3,3,3,3,3,3,3,3,3,3,3,3,3,3,3,3,3,3,3,3,3,3,3,3,3,3,3,3,3,3,3,1,1,6
33,2024/3/21 20:16:24,196秒,微信,36.28.130.16(浙江-温州),155,5,5,5,5,3,5,5,4,5,5,5,5,4,4,4,4,2,4,2,4,4,4,4,4,4,1,1,5,4,1,5,1,5,2,4,4,1,1,4,1,5,1,4,2,3,6
34,2024/3/21 20:17:02,123秒,微信,112.17.237.93(浙江-温州),137,3,3,4,4,3,3,3,3,4,4,4,3,3,4,4,4,2,4,4,4,4,4,4,4,3,2,2,3,2,1,4,3,4,2,2,2,3,3,4,2,4,2,3,2,1,6
35,2024/3/21 20:17:37,127秒,微信,60.12.35.6(浙江-温州),130,3,2,3,3,3,3,3,3,4,4,4,3,2,4,2,3,2,4,3,2,3,4,4,3,3,2,2,3,3,2,4,3,4,3,3,2,3,4,4,3,3,2,3,2,1,6
36,2024/3/21 20:29:54,150秒,微信,112.64.23.159(上海-上海),151,4,4,4,4,4,5,5,4,5,4,5,5,5,5,4,4,4,4,4,5,5,4,4,5,4,1,3,2,1,1,3,3,2,3,2,1,3,4,2,3,2,2,3,2,1,6
37,2024/3/21 20:30:14,91秒,微信,223.104.247.34(浙江-杭州),125,5,1,1,1,3,3,3,3,3,3,3,3,3,3,3,3,3,3,3,3,3,3,3,3,3,3,3,3,3,3,3,3,3,3,3,3,3,3,3,3,3,3,3,2,2,6
38,2024/3/21 20:31:06,123秒,微信,112.17.237.168(浙江-温州),163,4,4,4,4,5,4,4,4,4,4,4,5,4,4,4,4,4,4,4,4,4,5,5,3,3,3,4,4,2,2,3,4,4,4,4,4,4,4,4,4,2,3,2,2,1,6
39,2024/3/21 20:32:38,232秒,微信,58.213.173.67(江苏-南京),159,2,4,4,4,4,4,4,2,5,5,5,5,3,5,5,5,2,4,3,4,5,4,4,3,4,4,4,4,5,1,5,1,5,1,5,5,1,2,5,1,5,1,5,1,2,6
40,2024/3/21 20:39:22,181秒,微信,60.12.35.3(浙江-温州),141,4,4,4,4,3,4,4,4,3,3,3,4,5,5,4,4,4,3,3,3,3,4,4,3,3,2,3,2,2,1,3,3,3,4,4,2,3,3,3,4,3,2,2,2,1,4
41,2024/3/21 20:49:58,1611秒,微信,36.132.189.101(黑龙江-双鸭山),115,2,2,3,3,3,2,2,2,2,2,3,3,2,2,3,2,3,3,3,4,3,3,2,3,3,2,4,2,3,2,3,3,4,4,3,2,3,3,3,2,3,3,1,2,2,4
42,2024/3/21 21:28:20,65秒,微信,60.12.35.2(浙江-温州),87,3,2,2,2,2,2,2,2,2,2,2,2,2,2,2,2,2,2,2,2,2,2,2,2,2,2,2,2,2,2,2,2,2,2,2,2,2,2,2,2,2,2,2,1,1,1
43,2024/3/21 23:13:39,618秒,微信,60.12.35.3(浙江-温州),116,2,3,4,4,2,2,2,2,2,4,4,2,2,2,2,2,2,4,3,1,2,3,4,3,3,2,2,4,3,2,4,3,4,3,4,2,2,2,4,2,3,2,2,2,1,1
44,2024/3/22 4:53:19,139秒,微信,60.12.35.3(浙江-温州),168,4,4,4,4,3,4,4,3,3,3,4,4,4,4,4,4,4,4,4,4,4,4,4,4,4,4,4,4,4,4,4,4,4,4,4,4,4,4,4,4,4,4,4,2,7,6
45,2024/3/22 7:44:12,135秒,微信,112.14.67.250(浙江-温州),183,3,5,5,3,4,5,5,5,5,5,5,5,5,5,4,5,5,3,3,5,5,5,5,5,5,5,3,5,1,5,2,2,5,5,1,1,5,5,5,3,5,5,5,1,6,1
46,2024/3/22 16:36:03,69秒,微信,112.17.240.162(浙江-杭州),128,4,2,5,3,5,5,4,2,4,2,4,2,4,3,4,2,2,2,3,3,5,2,4,3,5,1,1,1,3,1,3,4,3,2,4,2,4,2,4,2,3,1,3,2,1,4
47,2024/3/22 21:10:45,307秒,微信,101.70.130.207(浙江-湖州),139,4,3,4,4,3,4,3,3,3,4,4,4,3,3,3,3,3,3,3,3,4,4,3,4,3,4,4,3,2,3,2,3,3,4,2,2,4,4,2,4,2,4,2,1,5,2
48,2024/3/23 13:42:16,143秒,微信,112.17.237.218(浙江-温州),132,2,3,4,4,3,4,2,2,3,4,4,4,4,4,3,4,2,3,4,4,3,4,2,2,3,3,3,4,2,2,3,3,4,3,3,2,4,3,2,3,3,2,2,2,1,1
49,2024/3/24 21:38:55,380秒,微信,182.34.22.204(山东-烟台),104,1,3,2,1,1,4,1,3,4,3,2,2,3,3,1,3,5,1,1,2,2,1,4,1,2,4,4,4,1,3,2,2,1,4,1,1,4,4,4,1,2,2,4,1,3,1
50,2024/3/24 21:39:18,307秒,微信,183.152.66.204(浙江-舟山),190,5,5,3,5,5,5,5,5,5,5,5,4,4,4,4,5,4,3,4,4,3,5,5,4,3,4,4,4,5,5,5,4,4,4,5,4,4,5,5,4,5,5,5,2,4,3
51,2024/3/24 21:39:52,351秒,微信,60.182.37.68(浙江-金华),123,4,2,3,5,2,1,2,1,4,1,4,4,3,2,4,2,3,5,2,3,4,2,3,2,2,3,4,1,3,3,4,1,3,2,5,1,5,3,2,2,4,4,3,1,1,1
52,2024/3/24 21:40:38,431秒,微信,140.250.147.6(山东-济南),118,4,5,3,3,2,3,2,1,5,2,2,1,2,1,4,4,2,4,5,1,2,3,2,4,2,2,3,2,2,4,3,2,1,4,3,2,4,4,3,4,4,1,1,1,2,3
53,2024/3/24 21:41:12,418秒,微信,123.188.36.30(辽宁-葫芦岛),111,2,4,1,2,1,4,2,4,5,2,2,4,2,2,3,2,3,5,1,3,2,3,1,4,3,2,4,3,3,4,1,1,1,1,1,2,2,1,4,4,2,3,5,2,3,3
54,2024/3/24 21:41:59,290秒,微信,218.5.228.243(福建-宁德),189,4,5,5,4,3,5,5,4,3,5,5,4,5,5,4,5,4,5,5,5,4,4,3,4,3,3,5,5,5,5,5,4,4,5,4,4,4,5,5,5,4,5,4,1,3,4
55,2024/3/24 21:42:38,464秒,微信,115.230.166.81(浙江-嘉兴),110,1,3,1,3,5,2,2,3,2,1,5,2,1,2,4,4,4,5,3,2,5,2,4,1,1,3,2,2,4,2,1,2,4,2,1,2,1,3,3,2,2,4,2,1,2,3
56,2024/3/24 21:43:15,257秒,微信,114.231.41.100(江苏-南通),184,4,5,5,4,3,5,4,5,5,4,5,3,4,4,5,4,4,4,4,3,5,5,5,3,4,5,5,4,5,5,4,3,5,4,3,5,4,3,5,5,4,5,4,1,5,2
57,2024/3/24 21:43:43,447秒,微信,119.113.198.141(辽宁-大连),181,5,3,5,5,5,4,5,3,4,4,3,4,5,4,4,3,4,4,4,5,5,3,4,5,5,3,5,4,5,3,5,5,4,4,4,3,5,5,5,4,3,5,4,1,1,4
58,2024/3/24 21:44:07,414秒,微信,113.124.220.127(山东-烟台),93,2,3,3,1,3,3,1,1,2,1,1,2,1,3,2,2,4,3,4,1,1,2,2,2,1,2,2,2,4,2,1,2,2,1,5,3,1,4,2,2,2,1,4,2,3,2
59,2024/3/24 21:44:43,429秒,微信,116.208.195.80(湖北-随州),116,3,2,1,4,3,3,4,1,3,3,3,4,3,1,4,4,2,1,2,4,3,1,3,1,2,4,3,1,1,2,4,4,2,3,4,5,4,3,2,5,1,1,2,1,4,3
60,2024/3/24 21:45:08,397秒,微信,120.34.91.205(福建-龙岩),186,4,5,4,4,5,5,5,5,5,4,5,3,4,4,4,4,4,4,5,5,5,3,5,4,4,4,4,4,4,4,4,4,4,5,4,5,4,5,5,5,4,4,4,2,1,2
61,2024/3/24 21:45:50,428秒,微信,117.57.96.20(安徽-淮北),109,2,2,2,2,2,1,2,5,3,1,3,1,2,3,4,3,2,4,3,2,4,3,1,3,3,3,3,4,4,2,3,3,4,1,1,4,1,4,2,1,2,2,2,2,6,3
62,2024/3/24 21:46:40,464秒,微信,27.159.184.168(福建-宁德),114,2,1,5,2,2,2,5,5,2,4,4,1,2,2,5,1,3,1,2,1,5,2,2,2,4,2,2,1,3,2,4,4,2,3,2,4,4,1,4,4,2,2,1,1,5,3
63,2024/3/24 21:47:30,274秒,微信,175.147.70.105(辽宁-鞍山),116,4,3,2,3,3,1,2,3,1,2,2,3,2,3,2,2,4,5,1,2,3,2,4,1,3,4,5,4,2,4,1,5,4,4,1,2,3,3,2,3,1,2,3,1,5,3
64,2024/3/24 21:48:24,298秒,微信,115.193.134.11(浙江-杭州),116,4,3,2,2,1,2,4,1,2,1,4,3,3,3,2,4,1,5,3,4,3,1,5,2,2,3,4,3,3,3,2,4,3,2,5,4,1,1,2,4,2,2,1,1,1,2
65,2024/3/24 21:48:59,275秒,微信,180.121.129.67(江苏-南通),107,2,2,2,4,1,2,3,3,5,2,3,2,1,2,1,4,2,2,2,2,4,1,2,3,5,4,2,4,1,1,1,3,3,3,2,2,4,4,4,2,1,3,1,2,3,3
66,2024/3/24 21:49:51,441秒,微信,114.231.108.34(江苏-南通),183,5,5,5,4,4,4,5,4,5,4,3,4,5,5,5,4,4,5,5,4,4,5,4,5,4,5,5,5,4,4,3,5,3,4,4,4,4,3,4,5,3,4,3,2,3,2
67,2024/3/24 21:50:18,301秒,微信,182.47.209.35(山东-日照),115,2,3,3,3,3,3,2,4,3,1,2,2,2,4,3,4,1,4,2,3,3,1,1,3,4,1,1,3,4,5,2,2,3,1,2,5,3,2,4,3,1,2,5,2,5,5
68,2024/3/24 21:51:09,364秒,微信,125.87.95.4(重庆-重庆),186,4,5,3,5,4,5,5,4,5,4,5,4,5,5,4,5,4,5,5,4,5,5,3,5,4,4,5,5,5,5,4,4,3,3,4,4,3,4,4,3,5,5,4,2,4,4
69,2024/3/24 21:51:33,335秒,微信,125.106.195.244(浙江-衢州),114,1,5,3,2,2,2,2,3,2,4,4,4,4,3,3,3,1,2,2,2,2,2,4,4,2,5,2,2,3,3,2,2,2,3,2,4,5,2,1,2,1,2,3,1,1,3
70,2024/3/24 21:52:11,266秒,微信,39.72.213.147(山东-日照),103,3,2,1,4,1,3,5,1,2,1,1,3,2,2,1,3,3,1,2,4,2,2,3,1,2,4,2,4,2,2,4,2,1,2,3,3,4,1,3,1,2,4,4,1,5,4
71,2024/3/24 21:52:41,403秒,微信,60.185.242.255(浙江-舟山),115,2,2,2,4,3,3,5,1,1,3,4,3,2,1,2,3,4,5,1,2,2,3,2,2,4,2,4,1,1,2,1,4,5,2,1,2,2,4,4,4,3,4,3,2,6,1
72,2024/3/24 21:53:14,293秒,微信,59.60.120.67(福建-莆田),180,3,4,5,3,3,4,3,4,5,4,4,5,5,5,4,5,4,4,3,4,5,4,4,5,3,5,4,4,4,5,4,4,4,5,5,5,5,5,4,3,3,5,4,2,2,5
73,2024/3/24 21:54:01,390秒,微信,113.231.17.133(辽宁-辽阳),107,2,4,1,1,3,2,3,3,4,4,3,1,2,3,1,1,1,1,3,2,3,4,1,1,2,3,4,3,2,5,4,4,4,2,2,4,1,2,3,1,1,4,2,2,3,4
74,2024/3/24 21:54:34,296秒,微信,123.54.229.105(河南-驻马店),119,2,4,3,2,1,2,4,4,4,4,3,4,3,3,2,4,4,2,4,4,2,3,2,2,3,2,4,3,2,2,2,2,2,2,3,3,2,2,1,5,1,3,3,1,3,3
75,2024/3/24 21:55:19,267秒,微信,115.224.114.225(浙江-绍兴),114,2,1,4,4,2,2,3,2,4,2,5,1,4,1,2,5,5,2,3,1,3,2,3,3,2,3,2,1,5,1,4,1,4,3,1,1,5,4,2,1,4,2,2,1,3,3
76,2024/3/24 21:55:50,354秒,微信,119.116.62.165(辽宁-鞍山),188,4,5,4,4,4,4,4,3,4,4,4,5,4,5,4,5,5,5,5,4,5,5,5,5,3,5,4,4,5,5,5,5,4,4,5,5,4,4,5,5,3,4,3,2,4,4
77,2024/3/24 21:56:27,303秒,微信,60.182.34.150(浙江-金华),189,4,4,4,5,5,3,4,5,4,5,5,4,4,4,4,5,4,5,5,5,4,5,3,5,4,5,3,4,4,5,4,4,4,5,5,5,5,5,5,4,4,4,5,1,3,1
78,2024/3/24 21:56:52,351秒,微信,123.187.209.85(辽宁-辽阳),186,5,5,5,4,4,4,4,4,4,4,3,4,4,5,4,5,3,4,4,5,4,5,4,5,5,5,5,5,3,4,5,3,4,5,5,5,4,4,5,5,4,5,3,2,5,4
79,2024/3/24 21:57:38,261秒,微信,222.77.131.145(福建-宁德),112,3,1,2,4,2,3,3,2,2,2,1,2,2,4,2,4,3,4,1,4,1,5,1,5,3,1,3,2,2,2,5,2,4,4,3,2,2,1,2,4,2,2,3,2,1,1
80,2024/3/24 21:58:09,267秒,微信,59.59.159.168(福建-南平),100,2,1,1,2,4,4,2,3,4,4,3,2,2,1,4,1,5,3,3,2,1,2,1,3,1,2,1,3,3,2,1,1,2,2,2,2,3,1,2,4,2,2,4,2,3,2
81,2024/3/24 21:58:45,472秒,微信,110.84.201.37(福建-福州),112,1,2,3,2,1,4,1,1,1,4,2,2,5,5,3,4,2,4,5,3,2,2,1,4,2,3,2,3,2,2,2,2,3,4,4,1,3,1,3,5,2,2,2,1,3,3
82,2024/3/24 21:59:10,283秒,微信,49.89.220.160(江苏-宿迁),121,4,1,3,1,4,5,3,2,2,3,4,4,5,1,3,1,5,3,1,5,1,1,3,5,2,2,1,5,2,2,5,2,3,2,4,1,1,2,3,2,5,3,4,1,4,1
83,2024/3/24 21:59:52,462秒,微信,110.87.194.34(福建-南平),111,3,1,3,1,2,4,3,3,4,4,2,2,2,2,2,2,2,1,4,4,1,1,3,1,4,2,2,1,3,3,4,3,5,1,2,2,5,2,1,4,1,4,5,2,2,1
84,2024/3/24 22:00:41,302秒,微信,60.182.176.208(浙江-金华),104,1,1,4,4,3,4,2,1,2,1,1,4,4,5,2,2,3,1,2,4,3,2,2,3,2,1,1,2,4,2,4,1,2,3,1,3,4,1,2,2,4,1,3,2,4,5
85,2024/3/24 22:01:28,490秒,微信,140.250.149.169(山东-济南),75,3,3,1,1,2,1,1,2,1,2,2,2,2,2,3,3,2,3,3,2,1,1,2,2,2,2,2,1,1,1,2,1,1,1,1,2,1,2,1,2,2,2,1,2,2,4
86,2024/3/24 22:02:05,270秒,微信,218.91.69.207(江苏-扬州),106,4,3,3,3,2,3,5,1,3,2,2,1,3,1,2,2,2,1,1,2,4,1,4,4,2,1,4,2,3,5,1,4,2,2,4,1,2,4,1,1,2,3,3,2,2,3
87,2024/3/24 22:02:33,375秒,微信,113.236.143.116(辽宁-抚顺),188,5,5,5,4,3,5,4,4,5,3,3,5,4,4,4,4,5,5,5,4,5,3,5,5,5,5,5,4,4,5,4,5,5,4,4,4,3,5,5,5,4,4,4,1,6,5
88,2024/3/24 22:03:20,289秒,微信,39.72.242.40(山东-日照),100,2,4,2,2,2,2,1,1,2,2,2,4,5,1,3,3,1,4,3,3,2,2,3,1,3,1,3,1,3,5,2,3,2,2,3,2,1,2,4,2,1,1,2,1,1,3
89,2024/3/24 22:04:09,412秒,微信,59.59.84.73(福建-漳州),106,1,3,2,4,1,3,4,3,1,4,2,5,5,2,4,2,1,3,4,1,3,1,3,3,2,2,2,2,4,4,2,3,2,1,4,2,1,1,1,2,2,3,1,2,4,1
90,2024/3/24 22:04:56,307秒,微信,114.232.109.210(江苏-南通),101,2,1,1,3,4,1,1,4,2,2,2,2,3,1,2,2,4,2,1,2,2,1,1,4,5,2,3,1,3,4,2,3,1,1,4,3,1,4,2,4,1,4,3,2,2,4
91,2024/3/24 22:05:32,323秒,微信,114.231.4.149(江苏-南通),110,4,2,1,2,4,1,2,2,1,3,1,2,2,2,4,5,2,2,2,1,2,3,2,5,2,2,4,4,3,3,2,3,1,3,5,2,4,2,4,1,2,2,4,2,4,5
92,2024/3/24 22:05:57,346秒,微信,27.157.226.54(福建-南平),104,4,4,2,3,2,1,2,2,3,2,3,2,1,1,2,1,4,2,3,4,2,1,1,2,2,1,3,5,2,1,2,4,3,2,2,2,4,2,2,4,3,4,2,1,3,4
93,2024/3/24 22:06:38,306秒,微信,114.99.7.235(安徽-铜陵),112,2,3,2,2,2,4,4,2,1,1,5,1,3,5,2,3,2,2,5,1,3,2,2,2,3,2,4,2,2,2,3,3,4,1,1,5,4,4,3,4,1,1,2,2,2,2
94,2024/3/24 22:07:25,434秒,微信,114.230.61.29(江苏-扬州),183,4,4,5,5,5,4,4,4,5,3,3,4,5,3,4,4,4,5,5,5,3,5,5,3,4,4,3,4,4,4,4,5,5,5,5,5,4,4,5,5,4,5,3,2,2,4
95,2024/3/24 22:08:00,286秒,微信,49.89.141.99(江苏-宿迁),103,3,2,2,1,3,2,1,1,2,2,4,4,2,4,1,2,4,1,2,2,2,4,1,3,3,2,1,1,4,3,2,2,3,2,2,3,4,4,3,2,4,1,2,1,1,4
96,2024/3/24 22:08:52,345秒,微信,49.64.83.139(江苏-苏州),120,2,2,1,4,3,4,2,4,3,3,4,3,4,1,4,2,3,1,2,2,2,2,2,1,3,5,4,3,4,3,4,2,2,1,3,1,4,5,4,3,5,2,1,2,2,4
97,2024/3/24 22:09:20,366秒,微信,121.233.233.206(江苏-扬州),185,4,5,5,5,4,4,5,4,4,4,4,5,5,4,4,5,4,5,5,4,4,4,4,3,4,5,4,3,4,4,4,5,4,5,5,4,3,5,4,4,4,5,5,2,2,2
98,2024/3/24 22:09:44,282秒,微信,125.106.193.164(浙江-衢州),103,5,4,3,2,1,2,3,1,4,2,1,1,3,1,1,4,5,1,1,3,2,1,2,1,1,2,2,2,2,4,5,1,3,1,4,1,2,4,2,4,4,4,1,1,2,4
99,2024/3/24 22:10:23,368秒,微信,117.91.62.118(江苏-扬州),105,3,3,2,2,4,4,2,3,2,4,2,1,3,2,2,2,1,5,2,4,1,2,2,2,1,4,2,3,1,2,2,2,1,3,1,3,2,4,2,5,4,1,2,2,6,3
100,2024/3/24 22:11:00,285秒,微信,125.125.244.101(浙江-湖州),184,4,5,4,4,4,5,5,4,3,3,5,5,5,4,4,4,5,4,5,5,3,5,4,5,4,5,4,3,4,4,4,4,4,5,5,4,5,3,5,4,4,5,4,2,4,3
101,2024/3/24 22:11:26,436秒,微信,49.89.127.239(江苏-宿迁),108,3,2,1,2,2,4,1,3,4,2,3,1,1,2,1,1,1,2,3,3,4,4,3,4,2,4,2,4,1,5,4,2,4,3,3,4,1,2,1,2,3,2,2,2,6,2
102,2024/3/24 22:12:12,502秒,微信,114.231.45.221(江苏-南通),107,3,4,3,2,4,1,3,3,4,2,1,3,1,1,4,4,3,1,3,2,1,2,4,1,4,1,4,3,3,3,3,3,1,2,1,3,2,1,1,4,3,1,4,1,5,3
103,2024/3/24 22:12:45,298秒,微信,60.182.33.148(浙江-金华),80,2,1,2,3,2,3,2,1,2,1,1,2,2,2,1,2,1,1,2,3,1,2,2,1,1,2,3,2,2,1,2,3,2,2,1,2,2,3,3,1,2,3,1,2,3,1
104,2024/3/24 22:13:32,382秒,微信,27.157.226.53(福建-南平),108,1,3,2,2,3,2,4,2,3,2,3,2,2,3,4,3,1,3,4,1,1,2,1,2,4,4,3,1,2,4,2,5,1,3,4,3,2,4,4,1,1,2,2,2,5,2
105,2024/3/24 22:14:11,271秒,微信,117.87.89.155(江苏-徐州),192,5,5,5,5,5,4,5,5,5,5,5,4,5,4,5,5,5,3,3,4,5,5,3,4,5,5,4,4,5,5,5,3,5,5,4,4,5,4,4,5,4,3,4,1,3,2
106,2024/3/24 22:14:44,478秒,微信,60.182.178.160(浙江-金华),109,2,1,4,2,1,1,1,3,4,4,3,4,1,2,2,2,3,2,5,1,4,2,2,3,2,1,5,2,2,3,3,1,5,1,3,5,1,2,5,1,1,2,5,1,1,3
107,2024/3/24 22:15:28,400秒,微信,115.219.143.90(浙江-温州),190,4,5,3,5,5,3,4,4,5,4,4,5,5,3,4,5,4,5,4,5,4,5,4,5,5,3,5,5,5,5,5,4,4,4,5,5,4,4,4,4,5,5,5,1,4,2
108,2024/3/24 22:15:54,409秒,微信,114.231.41.99(江苏-南通),112,1,1,3,2,4,1,4,2,4,5,1,1,5,1,2,2,1,1,3,2,3,3,3,5,2,4,2,4,1,4,4,1,4,3,1,1,1,2,4,2,5,4,3,1,4,1
109,2024/3/24 22:16:40,380秒,微信,49.81.70.225(江苏-徐州),80,3,1,2,2,2,2,1,2,3,3,1,1,2,3,3,1,2,2,2,2,1,2,1,3,1,3,2,3,3,1,1,1,2,2,1,3,2,1,1,2,2,1,1,2,4,3
110,2024/3/24 22:17:15,386秒,微信,183.144.147.184(浙江-绍兴),186,5,5,5,5,5,5,4,5,5,4,5,3,4,3,5,3,4,4,5,5,4,4,4,3,5,5,5,5,3,5,4,4,5,3,3,5,5,4,5,4,3,4,5,2,1,1
111,2024/3/24 22:17:41,293秒,微信,221.203.165.163(辽宁-铁岭),124,3,1,5,4,3,3,2,5,5,1,4,1,4,3,3,1,4,1,4,5,4,2,2,3,1,4,5,1,2,5,1,2,3,4,4,2,2,2,1,1,4,2,5,1,4,2
112,2024/3/24 22:18:23,313秒,微信,27.156.198.167(福建-宁德),114,1,1,3,2,2,1,1,2,3,1,4,4,2,2,2,4,1,2,4,4,3,1,4,1,5,4,3,1,2,4,5,1,4,4,2,4,1,4,4,2,1,4,4,1,1,1
113,2024/3/24 22:19:12,290秒,微信,60.19.151.208(辽宁-鞍山),90,1,1,5,3,4,3,3,1,4,3,1,3,2,1,4,1,2,2,3,4,1,2,2,2,2,3,2,1,1,4,1,1,1,2,1,1,1,2,4,1,1,2,1,1,4,3
114,2024/3/24 22:19:59,445秒,微信,119.185.81.97(山东-日照),120,5,4,2,3,5,3,5,3,4,4,4,4,1,2,4,1,1,3,2,2,1,1,4,2,5,2,1,2,2,3,2,2,2,4,3,5,2,3,2,2,3,4,1,1,3,3
115,2024/3/24 22:20:41,443秒,微信,39.72.107.201(山东-日照),113,5,2,2,3,3,3,1,2,3,1,2,3,5,2,3,2,5,1,4,1,3,2,1,4,2,1,2,1,3,2,5,5,4,1,2,1,2,1,5,3,5,2,3,1,3,2
116,2024/3/24 22:21:28,503秒,微信,117.26.222.86(福建-莆田),108,2,4,4,2,1,1,2,1,2,3,1,2,3,3,2,1,5,1,1,2,4,4,1,5,2,1,3,2,4,2,2,2,5,3,5,1,2,5,2,2,3,2,3,2,3,5
117,2024/3/24 22:22:07,459秒,微信,180.120.209.160(江苏-南通),194,5,5,4,5,5,4,4,4,4,4,4,3,5,5,5,5,4,4,5,4,4,5,5,5,4,5,4,4,5,5,5,4,5,5,4,5,5,5,5,5,4,3,5,2,4,3
118,2024/3/24 22:22:42,356秒,微信,117.86.14.186(江苏-南通),120,1,4,1,1,3,5,3,4,5,2,1,3,4,5,4,1,1,1,2,4,5,4,5,1,3,1,2,3,2,2,2,2,2,4,3,4,4,2,3,1,1,5,4,1,3,3
119,2024/3/24 22:23:35,461秒,微信,116.139.124.126(辽宁-辽阳),118,1,2,3,1,3,5,4,4,2,2,2,3,2,5,2,3,3,2,1,1,3,4,3,2,4,2,1,4,4,2,3,1,1,5,2,5,5,4,3,1,3,2,3,2,2,2
120,2024/3/24 22:24:08,416秒,微信,171.41.149.9(湖北-荆门),75,2,2,2,2,1,1,1,1,2,1,1,2,2,1,1,1,2,2,1,2,3,2,2,3,2,1,1,2,2,2,2,2,2,1,1,2,3,3,3,2,1,2,1,2,1,5
121,2024/3/24 22:24:52,305秒,微信,117.83.71.23(江苏-苏州),106,2,2,2,2,2,2,3,2,2,3,2,2,2,4,4,3,2,1,4,3,4,3,2,1,2,1,1,4,4,2,4,3,1,1,5,3,1,5,2,1,4,2,1,1,2,2
122,2024/3/24 22:25:17,480秒,微信,113.121.39.211(山东-烟台),187,4,4,4,4,4,5,4,3,4,5,4,5,5,4,4,5,3,3,5,5,5,4,4,5,4,5,5,5,5,5,3,5,4,5,5,5,4,5,4,4,4,3,5,1,3,4
123,2024/3/24 22:25:58,423秒,微信,115.219.143.90(浙江-温州),98,3,1,3,1,1,4,1,4,3,2,4,3,3,2,2,2,1,2,1,3,1,2,1,1,3,1,2,1,4,3,2,2,1,2,5,4,3,2,1,1,2,4,4,2,2,1
124,2024/3/24 22:26:41,463秒,微信,60.182.33.82(浙江-金华),119,2,2,2,2,3,2,5,3,4,2,2,5,2,3,2,1,1,4,1,4,5,2,4,2,2,3,1,3,1,2,2,4,4,3,5,3,5,1,2,2,4,2,5,2,2,1
125,2024/3/24 22:27:05,308秒,微信,49.82.227.7(江苏-徐州),118,4,4,3,2,3,1,4,2,1,4,1,4,1,3,2,4,2,4,1,2,1,4,4,2,4,4,3,2,4,2,1,2,2,2,3,3,5,2,5,3,2,5,1,1,5,1
126,2024/3/24 22:27:41,350秒,微信,115.209.48.74(浙江-舟山),194,4,3,5,5,4,5,5,5,5,5,5,3,5,4,5,5,5,3,5,5,5,3,5,4,4,5,5,4,5,3,5,3,4,5,5,4,5,5,5,5,4,5,5,1,6,3
127,2024/3/24 22:28:06,454秒,微信,114.103.77.54(安徽-池州),101,4,5,1,1,1,2,4,3,2,1,3,2,1,1,4,1,2,2,1,4,1,5,2,2,1,2,4,1,2,3,3,1,3,4,1,2,1,3,1,3,4,5,2,2,6,5
128,2024/3/24 22:28:49,481秒,微信,220.187.16.246(浙江-舟山),107,1,1,1,3,2,3,2,2,4,4,2,4,4,3,1,1,2,1,2,4,3,3,4,2,4,2,1,4,2,2,2,3,5,1,5,1,3,1,2,4,1,3,2,1,1,1
129,2024/3/24 22:29:40,501秒,微信,115.195.251.148(浙江-杭州),186,4,4,4,4,3,3,4,4,4,4,4,5,4,4,5,5,4,5,4,5,5,5,4,4,5,5,4,5,5,5,5,4,4,5,4,3,5,4,5,5,3,4,5,1,2,3
130,2024/3/24 22:30:04,352秒,微信,222.77.133.77(福建-宁德),177,5,4,3,5,4,3,3,4,5,3,5,4,5,5,4,5,4,4,3,3,4,3,4,5,3,3,3,5,5,4,5,4,4,5,5,5,4,4,3,4,5,4,5,1,5,2
131,2024/3/24 22:30:44,485秒,微信,183.92.209.187(湖北-黄石),107,2,4,2,3,4,1,2,3,1,2,2,3,4,2,1,4,5,2,2,4,4,1,4,1,3,4,1,3,2,2,3,2,2,4,3,2,3,1,2,1,3,1,2,1,6,4
132,2024/3/24 22:31:23,348秒,微信,114.231.46.28(江苏-南通),105,4,1,3,2,2,3,2,2,1,2,5,2,5,3,3,2,1,3,1,3,2,3,1,4,2,1,2,1,1,2,2,5,1,2,1,2,3,5,3,4,4,3,1,1,5,3
133,2024/3/24 22:32:02,364秒,微信,221.202.130.63(辽宁-锦州),73,2,1,2,1,1,1,3,2,2,2,2,3,1,1,2,2,1,2,1,2,1,3,1,1,2,1,2,1,1,2,1,2,3,2,1,2,2,2,2,1,3,1,2,1,6,1
134,2024/3/24 22:32:38,276秒,微信,49.81.246.186(江苏-徐州),119,2,1,4,2,2,1,4,3,1,4,2,1,1,3,3,2,1,5,4,4,1,3,4,4,4,2,2,5,3,3,1,4,4,2,2,5,4,3,3,5,1,1,3,2,5,2
135,2024/3/24 22:33:04,300秒,微信,222.90.149.21(陕西-西安),109,2,2,1,2,4,4,2,2,2,4,2,3,2,1,2,3,2,2,1,5,5,4,2,4,3,3,3,1,4,2,1,1,1,2,1,1,1,5,4,4,4,2,3,2,1,2
136,2024/3/24 22:33:48,285秒,微信,113.121.47.254(山东-烟台),113,2,4,2,3,1,1,4,1,1,5,2,3,3,5,2,4,3,2,2,2,1,3,3,2,5,3,4,3,1,1,4,3,1,2,2,5,2,1,4,2,1,5,3,2,1,1
137,2024/3/24 22:35:33,291秒,微信,60.182.37.77(浙江-金华),92,4,1,1,2,3,4,2,4,2,1,3,2,2,1,1,2,2,3,4,3,1,2,2,3,3,1,2,1,2,2,1,4,1,2,1,4,4,1,1,2,1,2,2,1,1,4
138,2024/3/24 22:36:18,366秒,微信,182.38.125.148(山东-威海),187,4,5,4,4,3,4,3,5,5,5,3,4,4,4,4,5,5,4,5,5,5,5,5,5,4,4,5,5,4,4,5,4,4,4,4,5,4,5,5,4,4,3,5,2,1,3
139,2024/3/24 22:36:49,310秒,微信,49.70.22.233(江苏-宿迁),106,2,3,4,4,1,2,2,1,4,2,3,4,1,2,1,4,3,1,3,2,1,3,2,4,2,2,3,1,5,5,2,2,4,3,1,2,4,2,2,1,1,4,1,1,1,2
140,2024/3/24 22:37:25,314秒,微信,220.161.243.137(福建-宁德),105,4,3,1,1,1,2,1,4,4,3,2,2,4,1,1,4,4,4,1,1,4,1,4,3,1,2,2,2,2,2,2,2,2,3,1,2,4,4,1,2,3,3,5,1,2,3
141,2024/3/24 22:37:51,400秒,微信,42.57.89.130(辽宁-鞍山),190,4,5,5,4,4,4,5,4,4,5,4,5,4,3,5,5,3,5,4,3,5,5,5,5,4,5,5,5,4,4,5,5,5,5,5,5,4,4,4,4,4,4,4,2,2,4
142,2024/3/24 22:38:34,408秒,微信,119.117.13.100(辽宁-辽阳),73,2,2,2,2,3,1,2,1,1,1,1,2,1,3,2,1,2,2,3,2,2,2,1,1,2,2,1,2,2,2,1,2,1,2,1,2,1,2,2,2,1,1,2,1,1,3
143,2024/3/24 22:39:01,414秒,微信,60.182.37.186(浙江-金华),186,5,4,3,5,5,4,4,5,5,5,4,4,5,5,4,4,4,3,4,5,4,4,5,4,5,5,5,4,4,4,4,4,5,5,4,3,5,5,4,4,3,4,5,2,1,2
144,2024/3/24 22:39:47,378秒,微信,114.231.41.219(江苏-南通),112,4,3,3,4,1,1,2,5,1,1,2,4,2,3,1,1,5,4,4,3,4,5,3,1,1,3,3,1,5,1,3,3,4,1,2,2,4,2,1,1,3,4,1,1,2,2
145,2024/3/24 22:40:20,333秒,微信,122.239.168.193(浙江-温州),114,2,3,3,5,1,2,2,2,2,5,1,4,4,3,1,2,1,3,2,4,2,3,2,2,3,4,2,1,3,2,4,5,5,2,1,4,2,2,1,1,2,4,5,2,4,5
146,2024/3/24 22:41:06,288秒,微信,123.54.230.163(河南-驻马店),113,2,3,1,1,1,2,4,2,4,4,4,2,2,1,3,3,2,3,2,3,2,2,2,2,1,2,3,5,1,4,3,3,3,4,4,4,2,4,2,4,2,1,4,1,3,2
147,2024/3/24 22:41:38,423秒,微信,117.81.3.81(江苏-苏州),110,1,1,3,3,2,3,4,5,2,1,2,1,1,1,4,4,5,1,4,5,2,4,4,4,2,2,1,4,5,4,2,3,2,1,2,3,2,1,2,3,1,2,1,1,4,3
148,2024/3/24 22:42:18,482秒,微信,115.207.172.97(浙江-湖州),104,2,2,1,4,4,2,2,4,3,1,1,2,2,1,4,1,1,3,3,3,2,1,5,2,2,1,3,3,1,2,4,4,2,4,2,2,1,4,3,2,2,2,4,2,3,5
149,2024/3/24 22:42:59,470秒,微信,183.150.39.235(浙江-衢州),186,4,5,3,5,3,5,4,5,5,4,4,5,3,4,5,5,4,4,4,4,5,5,4,4,5,4,4,4,5,3,5,4,5,4,4,5,5,4,5,5,4,4,4,1,4,4
150,2024/3/24 22:43:42,476秒,微信,119.112.193.160(辽宁-大连),105,1,3,1,1,3,2,1,2,2,2,1,2,2,1,5,1,1,4,5,4,4,4,2,4,2,4,3,3,2,2,1,2,5,5,1,1,3,3,2,2,3,1,2,1,3,4
151,2024/3/24 22:44:06,381秒,微信,117.86.15.160(江苏-南通),122,4,4,3,1,3,4,2,4,4,1,5,3,1,2,1,2,4,3,3,1,2,4,2,2,3,4,4,4,4,5,4,1,4,1,2,3,5,2,5,3,1,1,1,2,3,2
152,2024/3/24 22:44:42,343秒,微信,183.133.74.207(浙江-宁波),113,2,5,1,4,2,5,2,1,1,5,1,2,2,3,1,2,3,4,1,2,4,3,3,4,2,2,2,3,1,3,4,4,3,3,1,5,2,2,2,1,4,4,2,2,1,4
153,2024/3/24 22:45:06,324秒,微信,122.243.237.5(浙江-金华),183,5,5,5,5,4,4,4,4,4,5,5,4,4,5,5,5,5,4,4,4,5,3,4,5,4,3,4,4,4,3,3,5,4,3,4,5,4,4,5,4,4,5,4,2,4,4
154,2024/3/24 22:45:44,320秒,微信,60.182.191.236(浙江-金华),188,4,5,4,4,4,5,5,5,5,5,3,4,5,5,5,3,4,4,4,5,4,5,4,5,5,4,4,4,5,3,4,4,4,5,4,5,5,5,5,4,4,5,3,1,3,2
155,2024/3/24 22:46:16,387秒,微信,60.182.37.96(浙江-金华),111,2,1,3,1,3,4,3,1,2,1,4,3,3,4,4,4,4,1,3,2,4,2,3,1,4,4,4,2,2,2,2,3,2,2,1,2,1,1,3,4,4,3,2,1,1,2
156,2024/3/24 22:46:58,289秒,微信,175.149.86.35(辽宁-铁岭),193,5,3,5,4,4,5,5,4,4,4,4,5,4,5,5,4,3,5,5,5,3,4,4,5,5,5,3,5,5,5,5,5,4,5,4,4,5,5,4,5,5,5,5,2,2,4
157,2024/3/24 22:47:47,470秒,微信,115.207.175.60(浙江-湖州),103,2,2,1,3,3,1,2,4,3,2,3,2,1,2,2,2,1,3,1,2,4,5,2,4,1,3,1,2,4,2,2,1,3,5,1,1,2,4,3,2,2,4,3,1,3,3
158,2024/3/24 22:48:33,309秒,微信,123.54.234.36(河南-驻马店),123,4,2,1,4,1,4,4,1,2,3,2,2,4,3,3,4,4,2,4,1,5,4,4,1,2,4,2,3,4,2,4,3,4,3,2,1,4,4,2,2,4,3,1,2,2,3
159,2024/3/24 22:49:08,291秒,微信,60.182.190.81(浙江-金华),191,5,4,5,4,5,5,5,3,5,4,4,5,4,3,5,3,4,4,5,4,5,4,4,5,5,5,5,5,5,3,5,5,5,5,4,5,4,5,4,4,5,3,5,1,4,4
160,2024/3/24 22:49:59,345秒,微信,114.231.106.172(江苏-南通),111,2,5,1,3,5,5,1,4,3,1,5,3,4,4,1,4,2,1,1,1,1,4,2,3,5,1,2,3,1,2,2,4,2,1,1,2,4,1,3,3,4,2,2,1,2,3
161,2024/3/24 22:50:24,339秒,微信,113.121.43.114(山东-烟台),111,5,4,2,3,1,5,2,5,1,2,3,4,5,4,3,4,1,2,1,1,1,2,1,4,5,4,1,2,1,1,2,1,5,2,5,2,3,1,4,3,1,1,1,1,1,3
162,2024/3/24 22:51:04,429秒,微信,123.170.100.50(山东-日照),121,3,4,1,1,4,1,2,2,4,2,2,2,3,4,5,4,4,1,2,5,1,2,5,2,3,4,2,1,2,4,3,4,2,4,1,2,4,3,2,4,1,5,4,1,3,3
163,2024/3/24 22:51:46,302秒,微信,110.81.106.223(福建-泉州),100,1,4,1,1,1,5,5,3,4,1,4,1,3,1,2,2,2,3,4,1,1,2,3,2,2,1,4,2,1,2,5,4,1,1,2,2,1,5,2,1,2,4,1,2,4,3
164,2024/3/24 22:52:36,410秒,微信,115.192.223.93(浙江-杭州),180,5,4,4,4,3,5,4,5,3,5,3,4,4,5,5,4,5,4,4,4,4,4,3,3,4,4,4,5,3,4,5,5,5,3,5,3,4,4,4,5,5,5,5,1,3,5
165,2024/3/24 22:53:27,301秒,微信,115.207.31.29(浙江-衢州),115,3,1,4,3,4,2,2,1,2,5,4,1,3,3,2,1,4,3,3,2,4,4,3,3,4,1,3,1,5,2,2,3,4,2,3,3,1,1,4,1,2,4,2,1,5,3
166,2024/3/24 22:53:52,403秒,微信,114.231.42.44(江苏-南通),105,3,2,3,5,1,2,2,2,2,3,3,2,4,1,3,4,1,1,2,1,5,4,2,2,2,3,1,2,4,1,2,3,2,3,2,4,3,1,2,2,4,1,3,1,1,5
167,2024/3/24 22:54:33,473秒,微信,123.162.193.38(河南-驻马店),185,4,4,4,5,5,3,4,5,4,5,4,4,4,3,5,4,5,5,5,4,3,5,3,4,4,5,4,5,5,5,4,5,4,5,5,4,4,4,4,4,5,4,4,1,2,2
168,2024/3/24 22:55:17,343秒,微信,175.170.45.166(辽宁-大连),118,2,2,4,5,4,3,1,5,3,2,1,2,1,1,2,2,5,4,4,2,2,4,3,2,2,3,4,4,1,4,3,5,1,4,1,1,2,3,2,1,5,4,2,1,5,3
169,2024/3/24 22:55:42,293秒,微信,14.117.217.181(广东-江门),112,2,2,3,5,2,1,4,1,5,1,2,4,3,3,3,2,2,2,1,1,3,4,5,2,1,4,2,2,3,3,5,4,1,4,4,1,2,3,1,3,1,2,3,1,1,4
170,2024/3/24 22:56:25,476秒,微信,183.7.113.21(广东-汕头),102,3,4,4,1,3,4,1,2,3,2,4,2,1,4,2,4,1,3,1,4,3,2,4,3,1,4,1,1,1,2,2,2,2,2,3,1,2,1,1,3,4,2,2,1,4,4
171,2024/3/24 22:56:49,258秒,微信,114.230.208.195(江苏-扬州),105,2,2,4,2,4,2,1,1,2,4,2,2,3,4,2,1,1,4,1,1,5,1,2,4,2,5,3,5,3,3,2,2,1,2,2,2,2,4,1,1,2,4,2,1,3,1
172,2024/3/24 22:57:25,454秒,微信,140.250.150.31(山东-济南),107,3,2,2,5,4,2,1,2,1,1,1,4,2,2,1,3,2,3,3,4,1,3,1,2,4,1,3,1,1,3,4,2,1,4,3,2,1,4,4,5,4,4,1,1,2,3
173,2024/3/24 22:57:50,432秒,微信,42.54.81.54(辽宁-鞍山),121,5,4,3,3,4,3,4,2,2,2,5,2,1,2,2,4,2,2,5,4,3,4,1,4,4,1,1,5,3,2,1,2,1,1,2,4,5,1,3,2,4,3,3,2,1,1
174,2024/3/24 22:58:27,501秒,微信,183.152.219.136(浙江-舟山),111,3,2,3,1,1,1,2,4,4,4,2,5,2,1,4,4,1,4,4,3,2,2,2,4,4,2,1,1,1,2,5,2,2,4,2,1,4,4,2,3,3,1,2,2,3,1
175,2024/3/24 22:58:58,440秒,微信,49.76.1.196(江苏-无锡),186,3,4,4,4,4,5,5,3,4,5,3,4,4,4,3,5,4,5,4,4,4,5,5,5,3,5,5,4,5,4,4,5,5,4,4,5,5,5,4,5,4,5,5,1,1,3
176,2024/3/24 22:59:32,353秒,微信,60.20.194.122(辽宁-大连),184,3,4,5,5,5,5,4,4,5,5,5,5,4,3,3,5,5,3,5,3,4,4,4,4,4,5,5,4,4,4,5,4,3,5,5,4,5,5,3,4,5,5,3,2,3,4
177,2024/3/24 23:00:21,290秒,微信,59.58.210.222(福建-龙岩),122,5,2,3,3,2,3,5,1,2,2,2,2,3,3,1,3,4,1,2,2,2,2,4,2,4,3,2,2,3,4,2,2,4,1,4,5,2,5,4,3,5,4,2,2,3,1
178,2024/3/24 23:01:08,337秒,微信,221.202.99.219(辽宁-盘锦),102,2,1,3,1,2,3,2,1,2,4,2,1,2,4,2,1,2,1,4,4,3,3,3,3,1,3,3,2,2,3,1,2,2,1,4,3,2,1,3,3,4,3,3,2,2,4
179,2024/3/24 23:01:46,360秒,微信,117.28.95.157(福建-南平),189,3,5,5,5,4,4,4,5,5,5,5,4,4,3,5,4,3,4,5,4,4,3,4,4,5,5,4,4,5,5,5,3,5,5,5,5,5,4,5,5,5,5,3,1,4,4
180,2024/3/24 23:02:17,324秒,微信,121.233.129.105(江苏-扬州),106,1,4,2,2,1,1,2,4,1,5,2,3,3,5,1,1,1,2,2,5,2,1,2,1,3,2,2,2,4,5,4,1,2,5,3,2,3,4,1,2,4,2,1,2,4,3
181,2024/3/24 23:02:53,374秒,微信,140.250.146.168(山东-济南),116,4,1,4,2,4,2,5,1,2,1,2,4,4,2,3,2,2,4,4,1,2,3,2,3,1,4,1,4,2,1,2,4,2,2,5,4,3,4,4,2,2,1,4,2,2,2
182,2024/3/24 23:03:18,341秒,微信,114.232.109.136(江苏-南通),187,4,4,5,4,3,5,3,5,5,4,4,3,4,3,5,4,5,5,5,4,5,5,5,4,5,3,5,5,4,4,3,4,5,5,5,5,4,4,5,4,5,4,5,1,4,2
183,2024/3/24 23:03:59,408秒,微信,180.117.222.130(江苏-徐州),78,2,1,2,3,1,2,1,2,2,1,2,3,2,3,2,1,2,1,3,3,2,2,1,1,2,2,1,2,2,1,1,2,2,2,2,1,1,3,2,3,1,2,1,2,1,3
184,2024/3/24 23:04:44,477秒,微信,60.184.226.12(浙江-丽水),113,4,1,2,4,3,3,4,4,5,3,1,2,1,2,3,3,5,2,2,1,5,3,2,1,1,3,3,1,1,4,2,1,4,1,4,2,2,1,4,3,4,4,2,2,3,1
185,2024/3/24 23:05:15,345秒,微信,27.189.130.22(河北-廊坊),119,4,1,4,5,4,1,3,4,2,5,3,1,2,2,4,2,4,3,2,2,2,1,1,4,2,2,4,4,2,5,3,4,2,3,3,3,2,2,2,2,3,3,2,2,4,1
186,2024/3/24 23:05:50,253秒,微信,49.89.222.176(江苏-宿迁),116,3,3,2,3,2,2,4,4,2,3,2,4,2,5,3,1,2,2,4,4,1,3,4,2,3,2,1,3,4,4,3,1,3,4,4,4,1,1,4,2,2,1,2,2,3,3
187,2024/3/24 23:06:41,456秒,微信,183.138.206.142(浙江-温州),112,5,4,1,2,1,2,5,2,1,4,4,4,4,1,5,2,3,4,4,1,1,1,4,4,4,1,2,4,3,1,3,1,3,4,3,1,1,2,1,4,3,1,1,1,4,5
188,2024/3/24 23:07:06,485秒,微信,114.231.45.93(江苏-南通),123,3,4,1,4,2,2,3,2,2,5,5,1,1,3,5,4,5,2,3,5,2,4,1,1,3,3,3,4,1,2,2,4,1,3,2,3,2,5,4,3,3,1,4,1,3,2
189,2024/3/24 23:07:49,425秒,微信,120.35.201.53(福建-三明),104,2,2,2,2,4,4,2,5,3,4,3,2,5,3,3,2,1,1,2,2,1,1,4,2,4,2,1,5,2,1,3,3,3,2,1,1,4,1,2,3,1,1,2,1,2,4
190,2024/3/24 23:08:43,496秒,微信,116.140.68.13(辽宁-辽阳),189,4,4,5,5,4,4,5,3,4,5,3,5,4,3,3,4,4,5,5,5,3,5,5,4,5,5,5,5,5,3,5,5,5,4,5,5,5,4,3,5,4,5,5,1,4,1
191,2024/3/24 23:09:22,310秒,微信,113.231.14.69(辽宁-辽阳),119,3,2,4,3,2,2,4,2,1,4,4,5,2,4,3,5,4,5,1,2,3,3,1,1,2,1,1,2,1,2,4,4,1,4,3,4,1,2,2,4,2,5,4,2,6,3
192,2024/3/24 23:09:53,475秒,微信,221.227.173.81(江苏-南通),109,5,3,2,1,1,1,3,2,1,4,5,2,1,1,2,2,4,3,2,2,4,3,3,3,5,2,2,3,3,2,4,2,2,1,2,4,3,2,2,3,3,3,1,2,5,4
193,2024/3/24 23:10:31,475秒,微信,60.182.38.241(浙江-金华),193,4,4,3,5,5,4,5,5,5,4,3,5,5,5,5,5,4,4,5,5,5,4,5,3,4,5,5,5,3,5,5,4,5,5,5,4,4,5,4,5,5,4,4,1,3,5
194,2024/3/24 23:11:03,482秒,微信,60.182.189.64(浙江-金华),84,1,2,1,2,1,2,2,2,2,2,2,2,3,2,2,2,3,2,2,3,3,3,2,1,3,2,1,1,2,1,2,2,2,2,2,1,3,2,1,3,1,2,2,1,3,3
195,2024/3/24 23:11:43,283秒,微信,139.215.124.200(吉林-吉林),65,2,1,2,2,2,2,2,1,1,2,1,1,1,1,3,1,2,2,2,2,2,1,1,1,1,1,1,1,1,2,2,2,1,3,1,1,2,2,1,2,1,1,1,1,3,1
196,2024/3/24 23:12:23,482秒,微信,42.87.174.76(辽宁-抚顺),102,2,2,3,1,1,1,4,1,2,4,2,3,3,4,2,1,1,3,2,2,1,3,2,5,1,4,4,2,1,1,1,2,4,3,4,1,1,4,5,2,1,2,4,2,5,3
197,2024/3/24 23:13:03,324秒,微信,27.189.128.176(河北-廊坊),77,1,3,1,3,3,1,1,1,3,3,2,3,2,1,1,1,2,2,1,1,2,2,2,2,1,2,2,1,2,2,2,1,2,2,1,2,1,2,2,3,1,3,1,1,3,1
198,2024/3/24 23:13:44,269秒,微信,42.179.149.114(辽宁-铁岭),72,2,2,3,1,1,1,1,1,3,2,2,2,2,2,3,2,2,1,2,1,1,2,1,1,2,2,2,2,2,2,1,2,1,2,1,1,1,1,2,2,1,2,2,1,3,4
199,2024/3/24 23:15:40,395秒,微信,60.182.38.229(浙江-金华),189,3,5,5,5,3,5,5,5,5,5,4,5,4,4,5,5,3,5,3,5,4,5,3,4,4,4,4,4,4,5,5,4,5,4,4,5,4,5,4,5,5,4,5,1,4,4
200,2024/3/24 23:16:15,309秒,微信,60.182.186.87(浙江-金华),187,5,5,4,4,5,4,4,4,5,4,4,4,4,5,5,4,5,3,5,5,5,4,5,5,3,4,4,5,5,4,4,4,3,4,5,4,5,4,5,4,4,5,4,1,2,3
201,2024/3/25 14:32:39,147秒,微信,112.2.252.102(江苏-南京),152,4,5,3,4,4,5,4,5,4,4,5,4,4,4,3,3,3,4,4,4,4,5,4,3,4,2,3,3,2,2,3,3,4,4,2,1,4,4,5,3,2,3,2,2,1,2
202,2024/3/25 20:47:49,172秒,手机提交,114.84.202.100(上海-上海),110,4,4,3,4,3,2,2,2,1,1,3,4,2,2,2,2,1,1,1,3,4,4,4,1,2,1,2,4,4,1,4,2,4,2,2,4,2,2,4,1,3,2,4,2,1,4
203,2024/3/25 21:01:25,250秒,手机提交,36.154.217.73(江苏-南通),160,4,4,4,4,4,3,5,3,5,3,4,4,4,2,5,2,3,4,2,4,4,5,4,4,5,4,2,4,4,4,4,4,4,5,4,3,4,4,5,4,2,2,2,2,2,1
204,2024/3/25 21:04:56,160秒,手机提交,39.144.156.101(江苏-苏州),161,4,5,5,4,4,5,3,3,4,4,5,4,4,4,5,5,4,4,4,5,4,4,5,4,4,3,3,3,2,3,2,4,3,4,4,1,3,4,4,4,3,3,2,2,2,6
205,2024/3/25 21:14:13,189秒,手机提交,218.66.79.36(福建-福州),138,4,3,3,4,3,4,4,3,4,5,4,4,3,3,3,3,3,3,3,3,3,4,4,3,3,2,2,3,3,2,4,3,4,3,3,3,2,2,4,3,3,3,3,2,1,1
206,2024/3/25 21:29:33,198秒,手机提交,218.205.55.153(浙江-宁波),152,4,4,4,4,4,3,4,4,4,4,4,4,4,4,5,4,2,4,3,3,4,4,4,4,4,4,4,4,2,4,3,3,4,3,4,2,3,2,3,2,3,3,3,2,1,6
207,2024/3/25 21:30:57,135秒,手机提交,113.81.102.75(广东-惠州),124,3,3,3,3,3,3,3,3,3,3,3,3,3,3,3,3,3,3,3,3,3,3,3,3,4,1,2,3,3,2,4,3,4,2,3,3,2,2,3,2,3,3,3,1,2,2
208,2024/3/25 21:45:04,114秒,手机提交,117.136.36.248(河南-郑州),133,3,2,2,3,1,2,2,2,5,5,5,5,2,2,3,2,3,4,3,3,4,4,4,2,4,4,4,3,2,4,2,4,2,4,2,2,4,4,3,4,2,4,2,2,1,1
209,2024/3/25 21:46:02,173秒,手机提交,118.81.38.88(山西-太原),172,5,4,4,5,4,5,4,5,4,4,5,5,5,3,3,4,2,4,4,5,4,3,3,4,5,4,5,4,4,5,3,4,5,4,5,2,4,5,4,3,2,4,2,2,1,1
210,2024/3/25 21:51:02,215秒,手机提交,110.176.31.223(山西-太原),147,5,5,5,5,5,3,2,3,4,5,5,3,4,4,3,3,2,3,3,3,4,4,4,3,4,2,2,3,3,2,3,3,4,3,4,2,3,3,4,3,3,3,3,2,1,1
211,2024/3/25 21:58:32,220秒,手机提交,125.66.243.205(四川-攀枝花),136,2,1,2,2,4,3,5,2,4,4,4,4,2,4,2,3,4,4,4,3,4,4,4,2,1,4,4,4,2,4,2,4,4,5,1,1,4,5,2,5,1,5,1,2,2,1
212,2024/3/25 22:08:09,236秒,手机提交,61.136.240.198(湖北-黄冈),152,4,5,4,4,3,4,3,3,4,4,4,5,4,5,4,4,3,4,4,4,3,4,4,3,5,3,4,3,2,4,2,3,3,4,3,2,3,4,4,3,2,3,2,2,1,6
213,2024/3/25 22:15:56,64秒,手机提交,122.242.183.40(浙江-金华),160,4,4,4,4,4,4,2,4,4,4,4,4,2,4,4,4,4,4,2,4,4,4,4,4,2,4,4,2,4,4,4,4,4,3,3,4,4,4,4,4,4,4,4,1,2,6
214,2024/3/25 22:17:24,154秒,手机提交,223.104.9.180(四川-成都),143,4,3,4,3,4,4,4,4,5,5,5,4,3,4,4,4,2,3,2,4,4,4,4,4,2,4,4,2,2,4,2,3,2,4,4,2,4,2,3,2,2,2,2,2,1,4
215,2024/3/25 22:24:40,132秒,手机提交,182.102.79.21(江西-上饶),167,4,4,5,3,4,4,4,5,4,5,4,5,4,5,4,4,2,4,3,4,3,4,4,2,4,3,4,4,3,4,5,4,5,4,5,5,3,2,5,2,4,5,2,2,1,1
216,2024/3/25 22:26:58,168秒,手机提交,183.46.169.9(广东-汕头),108,3,4,4,4,2,2,1,1,2,4,4,4,1,1,1,1,1,4,2,1,4,3,4,2,2,1,1,2,5,1,5,1,5,1,1,5,1,1,5,1,5,1,4,2,1,6
217,2024/3/25 23:05:48,188秒,手机提交,117.136.46.104(江苏-徐州),142,4,4,4,4,3,5,4,3,4,5,5,4,2,3,2,3,2,4,1,2,4,4,4,4,3,2,1,3,4,2,4,2,5,3,4,3,2,3,4,3,4,3,3,2,1,1
218,2024/3/25 23:11:39,127秒,微信,112.49.184.56(福建-福州),131,4,4,3,3,3,5,4,4,5,5,5,4,2,2,4,2,3,4,3,2,2,5,4,4,4,2,2,3,1,1,2,3,3,3,4,1,3,2,3,2,3,2,1,2,2,6
219,2024/3/25 23:24:36,93秒,手机提交,106.86.101.241(重庆-重庆),146,3,3,3,4,4,3,4,3,4,3,4,3,3,3,3,4,4,4,3,4,3,3,3,3,4,3,3,4,3,3,3,3,4,3,4,4,4,3,3,3,4,4,3,2,1,1
220,2024/3/25 23:30:20,155秒,手机提交,111.203.185.114(北京-北京),150,4,4,3,3,4,3,4,3,2,3,4,4,3,4,3,4,4,3,3,4,4,3,4,3,4,4,3,2,4,4,4,3,3,4,4,3,3,3,4,3,4,4,4,2,1,6
221,2024/3/26 0:10:58,130秒,手机提交,223.104.122.82(湖北-武汉),140,4,4,5,3,4,4,5,4,5,3,4,4,2,2,3,2,1,4,4,4,4,4,4,4,2,2,3,4,3,1,3,2,4,2,4,3,4,4,4,2,3,1,2,1,1,1
222,2024/3/26 0:19:04,123秒,手机提交,39.144.190.87(湖南-长沙),142,4,2,2,4,4,4,3,4,3,5,4,4,2,2,3,2,3,4,5,4,4,5,4,4,5,2,2,4,2,2,3,2,4,3,4,3,2,3,5,2,4,2,3,2,2,1
223,2024/3/26 1:21:11,180秒,手机提交,117.183.113.6(广西-南宁),140,3,4,4,4,3,3,3,3,4,3,3,4,3,4,3,3,3,4,3,4,4,4,3,4,4,2,3,3,3,2,3,3,4,3,3,3,3,3,3,3,3,3,3,2,1,6
224,2024/3/26 3:29:23,167秒,手机提交,36.28.34.65(浙江-杭州),143,2,2,3,4,4,5,4,4,3,2,3,4,3,3,4,2,4,2,2,4,4,4,3,4,4,4,2,4,3,2,4,3,5,3,4,2,3,4,4,2,4,3,4,1,1,6
225,2024/3/26 11:00:06,143秒,手机提交,183.210.102.60(江苏-淮安),110,4,4,4,2,4,4,5,2,2,5,2,2,1,1,1,1,1,4,1,1,1,3,3,2,2,1,1,1,4,1,4,1,5,2,3,4,3,2,4,2,4,2,4,2,7,6
226,2024/3/26 11:38:18,173秒,手机提交,106.125.124.114(内蒙古-呼和浩特),154,4,3,4,4,3,2,2,3,4,4,4,4,4,4,4,4,2,4,4,4,4,4,4,4,4,4,5,4,5,4,2,4,2,4,4,2,4,4,3,4,2,4,2,2,1,6
227,2024/3/26 11:47:06,286秒,微信,115.204.92.230(浙江-杭州),144,5,4,5,2,1,4,1,1,5,5,5,5,4,4,3,5,1,4,4,5,5,5,5,2,5,2,4,1,2,1,3,3,5,4,2,1,4,4,2,4,2,4,1,2,1,4
228,2024/3/26 12:05:12,230秒,手机提交,14.26.170.237(广东-广州),143,3,3,4,4,4,4,2,2,3,4,4,3,3,3,4,4,1,4,4,3,4,4,4,4,4,4,3,4,3,4,2,3,3,4,2,3,4,4,4,2,3,2,3,2,1,1
229,2024/3/26 15:30:29,58秒,手机提交,112.28.224.176(安徽-合肥),207,5,5,4,4,5,5,5,5,5,5,5,5,5,5,5,5,5,5,5,5,5,5,5,5,5,5,5,5,5,5,5,5,4,5,4,4,4,5,5,4,5,4,5,2,4,4
230,2024/3/26 18:52:09,173秒,手机提交,223.104.188.246(山东-临沂),135,3,1,2,3,5,5,5,1,3,5,5,5,3,3,3,3,2,4,3,2,3,3,3,3,5,3,4,4,2,3,1,3,4,4,3,1,3,3,3,3,2,3,3,2,1,1
231,2024/3/27 18:46:24,213秒,手机提交,117.136.46.98(江苏-徐州),146,3,4,4,4,3,4,4,3,4,4,4,4,3,3,3,3,2,4,3,4,4,4,4,3,3,3,3,4,2,2,4,4,4,4,3,2,4,4,5,3,2,3,2,2,1,6
232,2024/3/28 8:53:26,151秒,微信,223.99.212.20(山东-济南),149,4,4,4,4,3,5,5,4,4,3,4,4,3,3,4,4,4,4,4,5,4,5,5,2,4,1,2,1,3,1,4,2,5,4,3,4,4,2,2,3,5,2,2,2,1,1